{
    "name": "chess",
    "description": "Criar, jogar e organizar um lindo jogo de xadrez por posição.",
    "usage": {
        "general": "[Prefix][Comando] [-Play/-Cancel/-Create/-Board/-Placar/-Moves/-Fen/-Raw/-Pgn] [Move/@User/Mensagem] [@User/Mensagem]",
        "examples": [
            "/chess -play f4 @user/message",
            "/chess -placar @user/message",
            "/chess -board @user/message",
            "/chess -cancel @user/message",
            "/chess -create @user/message",
            "/chess --help",
            "chess.execute('kill', 'params')",
            "chess.env()",
            "chess.reset()",
            "chess.env().functions.execute.value('kill', 'params')"
        ]
    },
    "license": "MIT",
    "helps": [
        "Conquistar a vitória resultará em um ganho de 5 icoin's, porém, em caso de derrota, você perderá 5 deles. Se você não possuir nenhum icoin, ficará em débito com o banco, e qualquer icoin ganho enquanto estiver no negativo será utilizado para quitar sua dívida.",
        "Esse jogo não possui modos de dificuldade contra a Íris, mas ela priorizará a captura e xeque mate do oponente quando puder, mas movimentos comuns serão aleatorios.",
        "Você deve cancelar um jogo antes de jogar com outra pessoa, caso contrario, você pode acabar jogando em outra partida sua que não é a atual.",
        "Se você estiver em somente uma partida, você não precisa mencionar a pessoa no comando, exceto quando for criar uma partida, no restante, jogue diretamente, a Íris localizará a partida para você.",
        "Para fazer uma jogada em uma partida especifica, marque a mensagem ou mencione a pessoa da sua partida no comando play, ISSO É DE SUMA IMPORTANCIA."
    ],
    "exports": {
        "env": "env",
        "messedup": "messedup",
        "exec": "execute",
        "reset": "reset",
        "poswork": "finish"
    },
    "developer": "KillovSky",
    "files": {
        "index.js": "Sistema que faz a coleta das informações e envio.",
        "utils.json": "Dados de fábrica da envInfo.",
        "chess.png": "Imagem de ajuda do xadrez."
    },
    "modules": {
        "fs": "Leitura de diretórios e arquivos.",
        "path": "Para inserção do local na envInfo.",
        "wa-sticker-formatter": "Mandar os tabuleiros como sticker.",
        "chess.js": "Para controlar o jogo de xadrez e suas regras.",
        "../../Dialogues/index": "Funções que retornam os diálogos necessários.",
        "../../index'": "Para rodar funções de outros arquivos."
    },
    "functions": {
        "ambient": {
            "arguments": false,
            "description": "Retorna as variáveis e sistemas do arquivo.",
            "type": "Boolean / Function",
            "value": false
        },
        "messedup": {
            "arguments": {
                "error": {
                    "description": "Instância de erro para formatação.",
                    "type": "Boolean / Error",
                    "value": false
                }
            },
            "description": "Ajusta os valores de erro.",
            "type": "Boolean / Function",
            "value": false
        },
        "exec": {
            "arguments": {
                "kill": {
                    "description": "Funções de controle raiz da Íris.",
                    "type": "Boolean / Object",
                    "value": false
                },
                "env": {
                    "description": "Dados da mensagem recebida.",
                    "type": "Boolean / Object",
                    "value": false
                }
            },
            "description": "Constroi, executa e joga o chess.",
            "type": "Boolean / Function",
            "value": false
        },
        "poswork": {
            "arguments": {
                "response": {
                    "description": "Resultados de uma função.",
                    "type": "Any",
                    "value": false
                }
            },
            "description": "Verifica se pode resetar a envInfo e retorna o resultado da função.",
            "type": "Boolean / Function",
            "value": false
        },
        "revert": {
            "arguments": {
                "changeKey": {
                    "description": "Uma Object com valores que existem na envInfo, ela será usada para substituir o sistema em tempo real.",
                    "type": "Object value",
                    "anyValue": false
                }
            },
            "description": "Reseta a envInfo para a Object padrão.",
            "type": "Boolean / Function",
            "value": false
        }
    },
    "settings": {
        "wait": {
            "description": "Tempo em MS que deve esperar antes de resetar.",
            "type": "Number",
            "value": 5000
        },
        "error": {
            "description": "Define se pode printar qualquer erro.",
            "type": "Boolean",
            "value": true
        },
        "ender": {
            "description": "Define se deve resetar a cada erro.",
            "type": "Boolean",
            "value": true
        },
        "finish": {
            "description": "Define se deve resetar a cada finalização.",
            "type": "Boolean",
            "value": true
        },
        "coinsWin": {
            "description": "Define quantos icoins a pessoa ganha se vencer um jogo.",
            "type": "Number",
            "value": 15
        },
        "coinsLost": {
            "description": "Define quantos icoins a pessoa perde se não vencer um jogo.",
            "type": "Number",
            "value": -5
        }
    },
    "parameters": {
        "location": {
            "description": "Local onde o módulo pode ser encontrado.",
            "type": "Boolean / String",
            "value": "./index"
        },
        "code": {
            "description": "Código do erro que obter.",
            "type": "Boolean / String / Number",
            "value": false
        },
        "message": {
            "description": "Armazena a mensagem do último erro recebido.",
            "type": "Boolean / String",
            "value": false
        }
    },
    "results": {
        "description": "Resultado final da função.",
        "success": true,
        "type": "String / Boolean",
        "value": false
    }
}